Index,First Name,Last Name,Company,City,Country,Email
1,Sheryl,Baxter,Rasmussen Group,East Leonard,Chile,zunigavanessa@smith.info
2,Preston,Lozano,Vega-Gentry,East Jimmychester,Djibouti,vmata@colon.com
3,Roy,Berry,Murillo-Perry,Isabelborough,Antigua and Barbuda,beckycarr@hogan.com
4,Linda,Olsen,"Dominguez, Mcmillan and Donovan",Bensonview,Dominican Republic,stanleyblackwell@benson.org
5,Joanna,Bender,"Martin, Lang and Andrade",West Priscilla,Slovakia (Slovak Republic),colinalvarado@miles.net
6,Aimee,Downs,Steele Group,Chavezborough,Bosnia and Herzegovina,louis27@gilbert.com
7,Darren,Peck,"Lester, Woodard and Mitchell",Lake Ana,Pitcairn Islands,tgates@cantrell.com
8,Brett,Mullen,"Sanford, Davenport and Giles",Kimport,Bulgaria,asnow@colon.com
9,Sheryl,Meyers,Browning-Simon,Robersonstad,Cyprus,mariokhan@ryan-pope.org
10,Michelle,Gallagher,Beck-Hendrix,Elaineberg,Timor-Leste,mdyer@escobar.net
11,Carl,Schroeder,"Oconnell, Meza and Everett",Shannonville,Guernsey,kirksalas@webb.com
12,Jenna,Dodson,"Hoffman, Reed and Mcclain",East Andrea,Vietnam,mark42@robbins.com
13,Tracey,Mata,Graham-Francis,South Joannamouth,Togo,alex56@walls.org
14,Kristine,Cox,Carpenter-Cook,Jodyberg,Sri Lanka,holdenmiranda@clarke.com
15,Faith,Lutz,Carter-Hancock,Burchbury,Singapore,cassieparrish@blevins-chapman.net
16,Miranda,Beasley,Singleton and Sons,Desireeshire,Oman,vduncan@parks-hardy.com
17,Caroline,Foley,Winters-Mendoza,West Adriennestad,Western Sahara,holtgwendolyn@watson-davenport.com
18,Greg,Mata,Valentine LLC,Lake Leslie,Mozambique,jaredjuarez@carroll.org
19,Clifford,Jacobson,Simon LLC,Harmonview,South Georgia and the South Sandwich Islands,joseph26@jacobson.com
20,Joanna,Kirk,Mays-Mccormick,Jamesshire,French Polynesia,tuckerangie@salazar.net
21,Maxwell,Frye,Patterson Inc,East Carly,Malta,fgibson@drake-webb.com
22,Kiara,Houston,"Manning, Hester and Arroyo",South Alvin,Netherlands,blanchardbob@wallace-shannon.com
23,Colleen,Howard,Greer and Sons,Brittanyview,Paraguay,rsingleton@ryan-cherry.com
24,Janet,Valenzuela,Watts-Donaldson,Veronicamouth,Lao People's Democratic Republic,stefanie71@spence.com
25,Shane,Wilcox,Tucker LLC,Bryanville,Albania,mariah88@santos.com
26,Marcus,Moody,Giles Ltd,Kaitlyntown,Panama,donnamullins@norris-barrett.org
27,Dakota,Poole,Simmons Group,Michealshire,Belarus,stacey67@fields.org
28,Frederick,Harper,"Hinton, Chaney and Stokes",South Marissatown,Switzerland,jacobkhan@bright.biz
29,Stefanie,Fitzpatrick,Santana-Duran,Acevedoville,Saint Vincent and the Grenadines,wterrell@clark.com
30,Kent,Bradshaw,Sawyer PLC,North Harold,Tanzania,qjimenez@boyd.com
31,Jack,Tate,"Acosta, Petersen and Morrow",West Samuel,Zimbabwe,gfigueroa@boone-zavala.com
32,Tom,Trujillo,Mcgee Group,Cunninghamborough,Denmark,tapiagreg@beard.info
33,Gabriel,Mejia,Adkins-Salinas,Port Annatown,Liechtenstein,coleolson@jennings.net
34,Kaitlyn,Santana,Herrera Group,New Kaitlyn,United States of America,georgeross@miles.org
35,Faith,Moon,"Waters, Chase and Aguilar",West Marthaburgh,Bahamas,willistonya@randolph-baker.com
36,Tammie,Haley,"Palmer, Barnes and Houston",East Teresa,Belize,harrisisaiah@jenkins.com
37,Nicholas,Sosa,Jordan Ltd,South Hunter,Uruguay,fwolfe@dorsey.com
38,Jordan,Gay,Glover and Sons,South Walter,Solomon Islands,tiffanydavies@harris-mcfarland.org
39,Bruce,Esparza,Huerta-Mclean,Poolefurt,Montenegro,preese@frye-vega.com
40,Sherry,Garza,Anderson Ltd,West John,Poland,ann48@miller.com
41,Natalie,Gentry,Monroe PLC,West Darius,Dominican Republic,tcummings@fitzpatrick-ashley.com
42,Bryan,Dunn,Kaufman and Sons,North Jimstad,Burkina Faso,woodwardandres@phelps.com
43,Wayne,Simpson,Perkins-Trevino,East Rebekahborough,Bolivia,barbarapittman@holder.com
44,Luis,Greer,Cross PLC,North Drew,Bulgaria,bstuart@williamson-mcclure.com
45,Rhonda,Frost,"Herrera, Shepherd and Underwood",Lake Lindaburgh,Monaco,zkrueger@wolf-chavez.net
46,Joanne,Montes,"Price, Sexton and Mcdaniel",Gwendolynview,Palau,juan80@henson.net
47,Geoffrey,Guzman,Short-Wiggins,Zimmermanland,Uzbekistan,bauercrystal@gay.com
48,Gloria,Mccall,"Brennan, Acosta and Ramos",North Kerriton,Ghana,bartlettjenna@zuniga-moss.biz
49,Brady,Cohen,Osborne-Erickson,North Eileenville,United Arab Emirates,mccalltyrone@durham-rose.biz
50,Latoya,Mccann,"Hobbs, Garrett and Sanford",Port Sergiofort,Belarus,bobhammond@barry.biz
51,Gerald,Hawkins,"Phelps, Forbes and Koch",New Alberttown,Canada,uwarner@steele-arias.com
52,Samuel,Crawford,"May, Goodwin and Martin",South Jasmine,Algeria,xpittman@ritter-carney.net
53,Patricia,Goodwin,"Christian, Winters and Ellis",Cowanfort,Swaziland,vaughanchristy@lara.biz
54,Stacie,Richard,Byrd Inc,New Deborah,Madagascar,clinton85@colon-arias.org
55,Robin,West,"Nixon, Blackwell and Sosa",Wallstown,Ecuador,greenemiranda@zimmerman.com
56,Ralph,Haas,Montes PLC,Lake Ellenchester,Palestinian Territory,goodmancesar@figueroa.biz
57,Phyllis,Maldonado,Costa PLC,Lake Whitney,Saint Barthelemy,yhanson@warner-diaz.org
58,Danny,Parrish,Novak LLC,East Jaredbury,United Arab Emirates,howelldarren@house-cohen.com
59,Kathy,Hill,"Moore, Mccoy and Glass",Selenabury,South Georgia and the South Sandwich Islands,ncamacho@boone-simmons.org
60,Kelli,Hardy,Petty Ltd,Huangfort,Sao Tome and Principe,kristopher62@oliver.com
61,Lynn,Pham,"Brennan, Camacho and Tapia",East Pennyshire,Portugal,mpham@rios-guzman.com
62,Shelley,Harris,"Prince, Malone and Pugh",Port Jasminborough,Togo,zachary96@mitchell-bryant.org
63,Eddie,Jimenez,Caldwell Group,West Kristine,Ethiopia,kristiwhitney@bernard.com
64,Chloe,Hutchinson,Simon LLC,South Julia,Netherlands,leah85@sutton-terrell.com
65,Eileen,Lynch,"Knight, Abbott and Hubbard",Helenborough,Liberia,levigiles@vincent.com
66,Fernando,Lambert,Church-Banks,Lake Nancy,Lithuania,fisherlinda@schaefer.net
67,Makayla,Cannon,Henderson Inc,Georgeport,New Caledonia,scottcurtis@hurley.biz
68,Tom,Alvarado,Donaldson-Dougherty,South Sophiaberg,Kiribati,nicholsonnina@montgomery.info
69,Virginia,Dudley,Warren Ltd,Hartbury,French Southern Territories,zvalencia@phelps.com
70,Riley,Good,Wade PLC,Erikaville,Canada,alex06@galloway.com
71,Alexandria,Buck,Keller-Coffey,Nicolasfort,Iran,lee48@manning.com
72,Richard,Roth,Conway-Mcbride,New Jasmineshire,Morocco,aharper@maddox-townsend.org
73,Candice,Keller,Huynh and Sons,East Summerstad,Zimbabwe,buckleycory@odonnell.net
74,Anita,Benson,Parrish Ltd,Skinnerport,Russian Federation,angie04@oconnell.com
75,Regina,Stein,Guzman-Brown,Raystad,Solomon Islands,zrosario@rojas-hardin.net
76,Debra,Riddle,"Chang, Aguirre and Leblanc",Colinhaven,United States Virgin Islands,shieldskerry@robles.com
77,Brittany,Zuniga,Mason-Hester,West Reginald,Kyrgyz Republic,mchandler@cochran-huerta.org
78,Cassidy,Mcmahon,"Mcguire, Huynh and Hopkins",Lake Sherryborough,Myanmar,katrinalane@fitzgerald.com
79,Laurie,Pennington,"Sanchez, Marsh and Hale",Port Katherineville,Dominica,cookejill@powell.com
80,Alejandro,Blair,"Combs, Waller and Durham",Thomasland,Iceland,elizabethbarr@ewing.com
81,Leslie,Jennings,Blankenship-Arias,Coreybury,Micronesia,corey75@wiggins.com
82,Kathleen,Mckay,"Coffey, Lamb and Johnson",Lake Janiceton,Saint Vincent and the Grenadines,chloelester@higgins-wilkinson.com
83,Hunter,Moreno,Fitzpatrick-Lawrence,East Clinton,Isle of Man,isaac26@benton-finley.com
84,Chad,Davidson,Garcia-Jimenez,South Joshuashire,Oman,justinwalters@jimenez.com
85,Corey,Holt,"Mcdonald, Bird and Ramirez",New Glenda,Fiji,maurice46@morgan.com
86,Emma,Cunningham,Stephens Inc,North Jillianview,New Zealand,walter83@juarez.org
87,Duane,Woods,Montoya-Miller,Lyonsberg,Maldives,kmercer@wagner.com
88,Alison,Vargas,"Vaughn, Watts and Leach",East Cristinabury,Benin,vcantu@norton.com
89,Vernon,Kane,Carter-Strickland,Thomasfurt,Yemen,hilljesse@barrett.info
90,Lori,Flowers,Decker-Mcknight,North Joeburgh,Namibia,tyrone77@valenzuela.info
91,Nina,Chavez,Byrd-Campbell,Cassidychester,Bhutan,elliserica@frank.com
92,Shane,Foley,Rocha-Hart,South Dannymouth,Hungary,nsteele@sparks.com
93,Collin,Ayers,Lamb-Peterson,South Lonnie,Anguilla,dudleyemily@gonzales.biz
94,Sherry,Young,"Lee, Lucero and Johnson",Frankchester,Solomon Islands,alan79@gates-mclaughlin.com
95,Darrell,Douglas,"Newton, Petersen and Mathis",Daisyborough,Mali,grayjean@lowery-good.com
96,Karl,Greer,Carey LLC,East Richard,Guyana,hhart@jensen.com
97,Lynn,Atkinson,"Ware, Burns and Oneal",New Bradview,Sri Lanka,vkemp@ferrell.com
98,Fred,Guerra,Schmitt-Jones,Ortegaland,Solomon Islands,swagner@kane.org
99,Yvonne,Farmer,Fitzgerald-Harrell,Lake Elijahview,Aruba,mccarthystephen@horn-green.biz
100,Clarence,Haynes,"Le, Nash and Cross",Judymouth,Honduras,colleen91@faulkner.biz
